http://www.spoj.com/status/TEST,chunky_2808/
http://www.spoj.com/status/ADDREV,chunky_2808/
http://www.spoj.com/status/PALIN,chunky_2808/
http://www.spoj.com/status/FCTRL2,chunky_2808/
http://www.spoj.com/status/MUL,chunky_2808/
http://www.spoj.com/status/DIV2,chunky_2808/
http://www.spoj.com/status/WILLITST,chunky_2808/
http://www.spoj.com/status/PON,chunky_2808/
http://www.spoj.com/status/CANDY3,chunky_2808/
http://www.spoj.com/status/ACPC10A,chunky_2808/
http://www.spoj.com/status/CPCRC1C,chunky_2808/
http://www.spoj.com/status/EC_CONB,chunky_2808/
http://www.spoj.com/status/PRIME1,chunky_2808/
http://www.spoj.com/status/SAMER08F,chunky_2808/
http://www.spoj.com/status/ACPC11B,chunky_2808/
http://www.spoj.com/status/ARMY,chunky_2808/
http://www.spoj.com/status/BUSYMAN,chunky_2808/
http://www.spoj.com/status/EGYPIZZA,chunky_2808/
http://www.spoj.com/status/AP2,chunky_2808/
http://www.spoj.com/status/COMDIV,chunky_2808/
http://www.spoj.com/status/INVCNT,chunky_2808/
http://www.spoj.com/status/UPDATEIT,chunky_2808/
http://www.spoj.com/status/GAMES,chunky_2808/
http://www.spoj.com/status/CANDY,chunky_2808/
http://www.spoj.com/status/TOANDFRO,chunky_2808/
http://www.spoj.com/status/STAMPS,chunky_2808/
http://www.spoj.com/status/FASHION,chunky_2808/
http://www.spoj.com/status/EIGHTS,chunky_2808/
http://www.spoj.com/status/AE00,chunky_2808/
http://www.spoj.com/status/GLJIVE,chunky_2808/
http://www.spoj.com/status/HPYNOS,chunky_2808/
http://www.spoj.com/status/HPYNOSII,chunky_2808/
http://www.spoj.com/status/AMR10G,chunky_2808/
http://www.spoj.com/status/CADYDIST,chunky_2808/
http://www.spoj.com/status/STPAR,chunky_2808/
http://www.spoj.com/status/AMR12D,chunky_2808/
http://www.spoj.com/status/HANGOVER,chunky_2808/
http://www.spoj.com/status/AMR11E,chunky_2808/
http://www.spoj.com/status/ARRAYSUB,chunky_2808/
http://www.spoj.com/status/FCTRL,chunky_2808/
http://www.spoj.com/status/NSTEPS,chunky_2808/
http://www.spoj.com/status/LASTDIG,chunky_2808/
http://www.spoj.com/status/KGSS,chunky_2808/
http://www.spoj.com/status/HORRIBLE,chunky_2808/
http://www.spoj.com/status/POSTERS,chunky_2808/
http://www.spoj.com/status/GSS1,chunky_2808/
http://www.spoj.com/status/JULKA,chunky_2808/
http://www.spoj.com/status/ABSYS,chunky_2808/
http://www.spoj.com/status/PT07Y,chunky_2808/
http://www.spoj.com/status/PERMUT2,chunky_2808/
http://www.spoj.com/status/PT07Z,chunky_2808/
http://www.spoj.com/status/CRDS,chunky_2808/
http://www.spoj.com/status/OFFSIDE,chunky_2808/
http://www.spoj.com/status/GSS3,chunky_2808/
http://www.spoj.com/status/BRCKTS,chunky_2808/
http://www.spoj.com/status/RPLN,chunky_2808/
http://www.spoj.com/status/LITE,chunky_2808/
http://www.spoj.com/status/NDIV,chunky_2808/
http://www.spoj.com/status/NINJA1,chunky_2808/
http://www.spoj.com/status/NINJA4,chunky_2808/
http://www.spoj.com/status/NFACTOR,chunky_2808/
http://www.spoj.com/status/COINS,chunky_2808/
http://www.spoj.com/status/NY10A,chunky_2808/
http://www.spoj.com/status/OLOLO,chunky_2808/
http://www.spoj.com/status/HOTELS,chunky_2808/
http://www.spoj.com/status/DOTAA,chunky_2808/
http://www.spoj.com/status/BALLSUM,chunky_2808/
http://www.spoj.com/status/ATOMS,chunky_2808/
http://www.spoj.com/status/ENIGMATH,chunky_2808/
http://www.spoj.com/status/FACEFRND,chunky_2808/
http://www.spoj.com/status/ARITH2,chunky_2808/
http://www.spoj.com/status/ONP,chunky_2808/
http://www.spoj.com/status/GIRLSNBS,chunky_2808/
http://www.spoj.com/status/FENCE1,chunky_2808/
http://www.spoj.com/status/BUGLIFE,chunky_2808/
http://www.spoj.com/status/DISUBSTR,chunky_2808/
http://www.spoj.com/status/TWOSQRS,chunky_2808/
http://www.spoj.com/status/MAJOR,chunky_2808/
http://www.spoj.com/status/CAM5,chunky_2808/
http://www.spoj.com/status/CATM,chunky_2808/
http://www.spoj.com/status/SGIFT,chunky_2808/
http://www.spoj.com/status/ACODE,chunky_2808/
http://www.spoj.com/status/BAISED,chunky_2808/
http://www.spoj.com/status/JNEXT,chunky_2808/
http://www.spoj.com/status/ETF,chunky_2808/
http://www.spoj.com/status/BROKEN,chunky_2808/
http://www.spoj.com/status/BYTESE2,chunky_2808/
http://www.spoj.com/status/BWIDOW,chunky_2808/
http://www.spoj.com/status/ANARC09B,chunky_2808/
http://www.spoj.com/status/EDIST,chunky_2808/
http://www.spoj.com/status/FARIDA,chunky_2808/
http://www.spoj.com/status/VFRIENDS,chunky_2808/
http://www.spoj.com/status/NGM,chunky_2808/
http://www.spoj.com/status/SBANK,chunky_2808/
http://www.spoj.com/status/AIBOHP,chunky_2808/
http://www.spoj.com/status/LCS0,chunky_2808/
http://www.spoj.com/status/JAVAC,chunky_2808/
http://www.spoj.com/status/ABSP1,chunky_2808/
http://www.spoj.com/status/AGGRCOW,chunky_2808/
http://www.spoj.com/status/BENEFACT,chunky_2808/
http://www.spoj.com/status/BYTESM2,chunky_2808/
http://www.spoj.com/status/ANARC09A,chunky_2808/
http://www.spoj.com/status/ANARC05B,chunky_2808/
http://www.spoj.com/status/LASTDIG2,chunky_2808/
http://www.spoj.com/status/PARTY,chunky_2808/
http://www.spoj.com/status/THEATRE,chunky_2808/
